filename,width,height,class,xmin,ymin,xmax,ymax
image399.png,1280,720,lionfish,1103,344,1270,505
image399.png,1280,720,lionfish,377,526,478,636
image399.png,1280,720,lionfish,785,429,910,538
image399.png,1280,720,lionfish,637,188,824,328
image399.png,1280,720,lionfish,302,36,411,211
image399.png,1280,720,lionfish,800,200,903,308
image399.png,1280,720,lionfish,859,177,1029,344
image399.png,1280,720,lionfish,859,357,1032,461
image399.png,1280,720,lionfish,650,360,771,508
image399.png,1280,720,lionfish,525,516,624,600
image399.png,1280,720,lionfish,569,451,667,528
image400.png,1280,720,lionfish,676,148,849,307
image400.png,1280,720,lionfish,381,308,489,399
image400.png,1280,720,lionfish,438,200,584,331
image400.png,1280,720,lionfish,787,122,901,203
image400.png,1280,720,lionfish,478,23,624,124
image400.png,1280,720,lionfish,699,65,818,151
image400.png,1280,720,lionfish,710,3,826,79
image400.png,1280,720,lionfish,858,36,964,118
image400.png,1280,720,lionfish,323,2,479,63
image400.png,1280,720,lionfish,45,304,221,494
image400.png,1280,720,lionfish,316,74,421,157
image401.png,1280,720,lionfish,203,374,404,516
image401.png,1280,720,lionfish,19,553,146,696
image401.png,1280,720,lionfish,659,162,791,305
image401.png,1280,720,lionfish,277,139,376,223
image401.png,1280,720,lionfish,453,137,575,224
image401.png,1280,720,lionfish,511,233,623,325
image401.png,1280,720,lionfish,768,5,867,96
image401.png,1280,720,lionfish,530,74,631,152
image401.png,1280,720,lionfish,448,33,527,144
image401.png,1280,720,lionfish,178,251,324,358
image402.png,1280,720,lionfish,326,250,415,337
image402.png,1280,720,lionfish,252,350,361,450
image402.png,1280,720,lionfish,529,459,710,657
image402.png,1280,720,lionfish,831,153,937,270
image402.png,1280,720,lionfish,89,403,197,492
image402.png,1280,720,lionfish,182,624,357,720
image402.png,1280,720,lionfish,448,210,540,292
image402.png,1280,720,lionfish,380,478,536,599
image402.png,1280,720,lionfish,606,167,690,247
image402.png,1280,720,lionfish,572,236,675,320
image402.png,1280,720,lionfish,450,294,572,383
image402.png,1280,720,lionfish,403,568,539,720
image403.png,1280,720,lionfish,266,281,404,466
image403.png,1280,720,lionfish,518,161,748,400
image403.png,1280,720,lionfish,825,118,1004,266
image403.png,1280,720,lionfish,685,496,913,720
image403.png,1280,720,lionfish,1013,146,1190,400
image403.png,1280,720,lionfish,806,271,1024,420
image403.png,1280,720,lionfish,1006,475,1199,626
image403.png,1280,720,lionfish,740,386,933,518
image404.png,1280,720,lionfish,616,269,901,548
image404.png,1280,720,lionfish,758,166,957,287
image404.png,1280,720,lionfish,798,3,954,95
image404.png,1280,720,lionfish,908,93,1067,230
image404.png,1280,720,lionfish,1095,45,1277,294
image405.png,1280,720,lionfish,386,1,563,149
image405.png,1280,720,lionfish,542,39,769,211
image405.png,1280,720,lionfish,581,256,796,446
image406.png,1280,720,lionfish,558,228,714,420
image406.png,1280,720,lionfish,795,116,1016,287
image406.png,1280,720,lionfish,672,116,845,302
image407.png,1280,720,lionfish,621,468,698,534
image407.png,1280,720,lionfish,371,592,460,716
image407.png,1280,720,lionfish,530,585,636,720
image407.png,1280,720,lionfish,87,511,211,571
image407.png,1280,720,lionfish,249,630,360,720
image407.png,1280,720,lionfish,648,552,815,720
image407.png,1280,720,lionfish,910,224,989,297
image407.png,1280,720,lionfish,707,424,834,544
image407.png,1280,720,lionfish,1022,341,1113,412
image407.png,1280,720,lionfish,876,355,978,436
image408.png,1280,720,lionfish,313,233,433,351
image408.png,1280,720,lionfish,136,57,242,131
image408.png,1280,720,lionfish,235,142,313,224
image408.png,1280,720,lionfish,823,60,925,163
image408.png,1280,720,lionfish,444,240,554,349
image408.png,1280,720,lionfish,616,122,704,206
image408.png,1280,720,lionfish,726,163,868,292
image408.png,1280,720,lionfish,604,202,740,369
image408.png,1280,720,lionfish,635,7,783,127
image409.png,1280,720,lionfish,390,213,491,310
image409.png,1280,720,lionfish,289,105,412,181
image409.png,1280,720,lionfish,512,250,612,334
image409.png,1280,720,lionfish,472,333,618,482
image409.png,1280,720,lionfish,912,283,1116,452
image409.png,1280,720,lionfish,1126,218,1260,352
image409.png,1280,720,lionfish,979,104,1125,207
image409.png,1280,720,lionfish,599,58,742,178
image409.png,1280,720,lionfish,643,180,849,380
image409.png,1280,720,lionfish,605,308,738,449
image409.png,1280,720,lionfish,612,204,724,275
image410.png,1280,720,lionfish,967,275,1080,374
image410.png,1280,720,lionfish,1035,360,1126,450
image410.png,1280,720,lionfish,963,407,1061,480
image410.png,1280,720,lionfish,1196,175,1280,269
image411.png,1280,720,lionfish,946,372,1043,462
image411.png,1280,720,lionfish,779,512,846,580
image411.png,1280,720,lionfish,832,411,902,475
image411.png,1280,720,lionfish,1166,297,1280,386
image411.png,1280,720,lionfish,995,461,1084,555
image411.png,1280,720,lionfish,857,500,920,596
image411.png,1280,720,lionfish,924,498,1002,562
image411.png,1280,720,lionfish,1151,434,1280,531
image413.png,1280,720,lionfish,44,395,270,563
image413.png,1280,720,lionfish,381,344,551,469
image413.png,1280,720,lionfish,695,513,876,635
image413.png,1280,720,lionfish,456,28,568,91
image413.png,1280,720,lionfish,554,200,683,278
image413.png,1280,720,lionfish,546,309,624,467
image413.png,1280,720,lionfish,680,89,823,201
image413.png,1280,720,lionfish,590,123,701,212
image413.png,1280,720,lionfish,596,374,744,539
image413.png,1280,720,lionfish,638,226,771,341
image413.png,1280,720,lionfish,836,498,951,692
image413.png,1280,720,lionfish,739,412,881,525
image413.png,1280,720,lionfish,624,322,803,427
image414.png,1280,720,lionfish,204,616,387,720
image414.png,1280,720,lionfish,490,537,645,622
image414.png,1280,720,lionfish,469,172,536,227
image414.png,1280,720,lionfish,717,468,894,597
image414.png,1280,720,lionfish,683,251,819,353
image414.png,1280,720,lionfish,620,378,740,456
image414.png,1280,720,lionfish,706,391,840,474
image414.png,1280,720,lionfish,508,224,600,306
image414.png,1280,720,lionfish,787,333,887,419
image414.png,1280,720,lionfish,586,257,660,319
image414.png,1280,720,lionfish,1022,630,1150,710
image414.png,1280,720,lionfish,851,563,1003,671
image415.png,1280,720,lionfish,253,217,440,405
image415.png,1280,720,lionfish,300,57,439,205
image415.png,1280,720,lionfish,424,273,557,412
image415.png,1280,720,lionfish,833,294,1009,437
image415.png,1280,720,lionfish,585,338,796,461
image415.png,1280,720,lionfish,515,374,643,474
image415.png,1280,720,lionfish,280,3,410,82
image415.png,1280,720,lionfish,430,1,601,139
image415.png,1280,720,lionfish,480,143,665,310
image415.png,1280,720,lionfish,666,87,798,206
image415.png,1280,720,lionfish,622,243,807,369
image415.png,1280,720,lionfish,858,237,938,345
image416.png,1280,720,lionfish,888,570,1058,720
image417.png,1280,720,lionfish,1002,195,1236,397
image418.png,1280,720,lionfish,432,344,529,427
image419.png,1280,720,lionfish,462,447,548,515
image421.png,1280,720,lionfish,424,125,498,208
image422.png,1280,720,lionfish,501,72,576,154
image423.png,1280,720,lionfish,1036,295,1114,366
image424.png,1280,720,lionfish,598,22,658,86
image424.png,1280,720,lionfish,742,297,852,409
image425.png,1280,720,lionfish,788,247,940,398
image426.png,1280,720,lionfish,524,210,593,260
image426.png,1280,720,lionfish,633,386,777,510
image426.png,1280,720,lionfish,739,331,854,428
image427.png,1280,720,lionfish,904,334,972,413
image427.png,1280,720,lionfish,748,372,844,454
image427.png,1280,720,lionfish,977,316,1052,372
image427.png,1280,720,lionfish,466,298,534,363
image427.png,1280,720,lionfish,525,333,596,393
image427.png,1280,720,lionfish,690,324,764,394
image427.png,1280,720,lionfish,607,355,661,419
image427.png,1280,720,lionfish,750,304,823,357
image427.png,1280,720,lionfish,894,243,963,309
image429.png,1280,720,lionfish,964,337,1081,458
image429.png,1280,720,lionfish,1163,281,1254,365
image429.png,1280,720,lionfish,766,443,899,524
image429.png,1280,720,lionfish,386,373,514,473
image429.png,1280,720,lionfish,320,280,410,366
image429.png,1280,720,lionfish,1060,186,1114,239
image429.png,1280,720,lionfish,405,198,463,248
image429.png,1280,720,lionfish,388,12,504,101
image429.png,1280,720,lionfish,665,210,733,309
image429.png,1280,720,lionfish,589,309,674,395
image429.png,1280,720,lionfish,530,398,619,505
image429.png,1280,720,lionfish,673,342,807,469
image429.png,1280,720,lionfish,662,80,768,175
image429.png,1280,720,lionfish,949,192,1050,281
image429.png,1280,720,lionfish,938,19,1001,109
image430.png,1280,720,lionfish,509,332,601,442
image430.png,1280,720,lionfish,621,176,726,338
image430.png,1280,720,lionfish,754,266,927,395
image430.png,1280,720,lionfish,919,192,1084,333
image430.png,1280,720,lionfish,867,478,1027,589
image430.png,1280,720,lionfish,584,452,700,563
image430.png,1280,720,lionfish,987,1,1148,157
image432.png,1280,720,lionfish,1,421,195,593
image432.png,1280,720,lionfish,1,574,218,720
image432.png,1280,720,lionfish,716,581,946,720
image432.png,1280,720,lionfish,681,485,851,620
image432.png,1280,720,lionfish,227,396,442,539
image432.png,1280,720,lionfish,537,492,738,659
image432.png,1280,720,lionfish,384,508,574,646
image432.png,1280,720,lionfish,216,587,479,720
image433.png,1280,720,lionfish,36,238,164,399
image433.png,1280,720,lionfish,297,488,472,616
image433.png,1280,720,lionfish,841,575,1020,705
image433.png,1280,720,lionfish,315,543,529,720
image433.png,1280,720,lionfish,220,610,357,690
image433.png,1280,720,lionfish,559,584,645,675
image434.png,1280,720,lionfish,374,81,456,233
image434.png,1280,720,lionfish,1069,397,1201,493
image434.png,1280,720,lionfish,789,473,942,557
image434.png,1280,720,lionfish,456,429,564,531
image434.png,1280,720,lionfish,522,368,672,475
image434.png,1280,720,lionfish,442,245,602,398
image434.png,1280,720,lionfish,668,362,827,494
image434.png,1280,720,lionfish,848,382,1050,513
image434.png,1280,720,lionfish,1156,569,1279,720
image435.png,1280,720,lionfish,387,51,489,211
image435.png,1280,720,lionfish,487,209,654,367
image435.png,1280,720,lionfish,488,422,595,550
image435.png,1280,720,lionfish,554,361,714,474
image435.png,1280,720,lionfish,902,390,1107,501
image435.png,1280,720,lionfish,848,441,983,562
image435.png,1280,720,lionfish,1164,364,1280,485
image435.png,1280,720,lionfish,707,332,884,453
image436.png,1280,720,lionfish,483,228,721,371
image436.png,1280,720,lionfish,352,292,543,462
image437.png,1280,720,lionfish,747,451,1058,649
image437.png,1280,720,lionfish,665,488,863,681
image438.png,1280,720,lionfish,411,153,533,269
image438.png,1280,720,lionfish,561,122,633,222
image438.png,1280,720,lionfish,720,286,872,440
image438.png,1280,720,lionfish,763,77,992,236
image438.png,1280,720,lionfish,966,220,1118,328
image439.png,1280,720,lionfish,250,409,373,515
image439.png,1280,720,lionfish,421,394,547,493
image439.png,1280,720,lionfish,627,305,845,421
image439.png,1280,720,lionfish,242,244,372,316
image439.png,1280,720,lionfish,866,490,983,575
image440.png,1280,720,lionfish,76,303,246,448
image440.png,1280,720,lionfish,119,154,268,254
image440.png,1280,720,lionfish,334,274,475,388
image440.png,1280,720,lionfish,580,154,798,296
image440.png,1280,720,lionfish,758,630,940,720
image440.png,1280,720,lionfish,751,344,861,436
image441.png,1280,720,lionfish,20,1,231,86
image441.png,1280,720,lionfish,797,399,934,523
image441.png,1280,720,lionfish,746,132,843,226
image442.png,1280,720,lionfish,19,1,225,71
image442.png,1280,720,lionfish,844,395,995,511
image442.png,1280,720,lionfish,790,104,894,199
image443.png,1280,720,lionfish,83,272,225,428
image443.png,1280,720,lionfish,259,325,340,442
image443.png,1280,720,lionfish,667,269,795,388
image443.png,1280,720,lionfish,1,270,76,380
image444.png,1280,720,lionfish,377,294,451,356
image444.png,1280,720,lionfish,508,357,601,446
image444.png,1280,720,lionfish,566,445,687,550
image444.png,1280,720,lionfish,623,340,696,413
image444.png,1280,720,lionfish,894,633,1013,720
image444.png,1280,720,lionfish,787,512,897,642
image444.png,1280,720,lionfish,911,554,1007,624
image444.png,1280,720,lionfish,832,398,936,475
image444.png,1280,720,lionfish,897,301,1036,395
image445.png,1280,720,lionfish,296,92,383,168
image445.png,1280,720,lionfish,412,164,524,271
image445.png,1280,720,lionfish,504,287,642,398
image445.png,1280,720,lionfish,818,273,936,386
image445.png,1280,720,lionfish,750,407,888,543
image445.png,1280,720,lionfish,857,501,1076,720
image445.png,1280,720,lionfish,585,177,673,267
image445.png,1280,720,lionfish,922,69,1062,156
image445.png,1280,720,lionfish,1041,160,1186,255
image446.png,1280,720,lionfish,355,59,497,163
image446.png,1280,720,lionfish,711,28,830,144
image446.png,1280,720,lionfish,836,357,1008,500
image447.png,1280,720,lionfish,359,107,411,167
image447.png,1280,720,lionfish,313,216,395,309
image447.png,1280,720,lionfish,525,330,638,427
image447.png,1280,720,lionfish,536,225,645,325
image447.png,1280,720,lionfish,746,28,882,129
image447.png,1280,720,lionfish,929,73,1142,178
image448.png,1280,720,lionfish,163,183,292,280
image448.png,1280,720,lionfish,345,394,477,532
image448.png,1280,720,lionfish,450,551,556,662
image448.png,1280,720,lionfish,810,356,939,490
image448.png,1280,720,lionfish,682,233,842,386
image448.png,1280,720,lionfish,606,288,691,404
image448.png,1280,720,lionfish,541,77,695,203
image448.png,1280,720,lionfish,493,209,613,298
image449.png,1280,720,lionfish,426,557,572,720
image449.png,1280,720,lionfish,931,1,1049,91
image449.png,1280,720,lionfish,218,480,334,645
image449.png,1280,720,lionfish,248,311,388,398
image449.png,1280,720,lionfish,403,368,528,441
image449.png,1280,720,lionfish,107,410,217,527
image449.png,1280,720,lionfish,229,369,320,457
image449.png,1280,720,lionfish,983,540,1142,720
image449.png,1280,720,lionfish,878,456,972,568
image449.png,1280,720,lionfish,665,173,827,316
image449.png,1280,720,lionfish,566,275,671,350
image449.png,1280,720,lionfish,646,318,753,422
image450.png,1280,720,lionfish,64,416,204,527
image450.png,1280,720,lionfish,255,290,385,395
image450.png,1280,720,lionfish,404,362,528,435
image450.png,1280,720,lionfish,675,326,771,452
image450.png,1280,720,lionfish,431,597,605,720
image450.png,1280,720,lionfish,607,267,715,351
image450.png,1280,720,lionfish,713,169,892,315
image450.png,1280,720,lionfish,913,480,1036,610
image450.png,1280,720,lionfish,1046,597,1200,720
image450.png,1280,720,lionfish,1086,167,1280,320
image450.png,1280,720,lionfish,998,1,1145,85
image451.png,1280,720,lionfish,224,536,399,666
image451.png,1280,720,lionfish,304,326,395,392
image451.png,1280,720,lionfish,361,363,466,483
image451.png,1280,720,lionfish,686,474,801,604
image451.png,1280,720,lionfish,443,298,540,378
image451.png,1280,720,lionfish,546,318,619,454
image451.png,1280,720,lionfish,613,356,707,517
image451.png,1280,720,lionfish,708,1,826,119
image451.png,1280,720,lionfish,1001,502,1220,684
image452.png,1280,720,lionfish,626,257,719,380
image452.png,1280,720,lionfish,828,406,937,507
image453.png,1280,720,lionfish,502,578,616,681
image453.png,1280,720,lionfish,861,122,969,257
image453.png,1280,720,lionfish,1005,227,1110,328
image453.png,1280,720,lionfish,820,506,945,658
image454.png,1280,720,lionfish,1041,33,1155,143
image454.png,1280,720,lionfish,484,410,595,517
image454.png,1280,720,lionfish,521,537,717,688
image454.png,1280,720,lionfish,725,416,845,528
image454.png,1280,720,lionfish,824,339,955,503
image454.png,1280,720,lionfish,739,124,831,225
image455.png,1280,720,lionfish,295,375,403,469
image455.png,1280,720,lionfish,585,476,748,603
image455.png,1280,720,lionfish,864,589,1002,686
image455.png,1280,720,lionfish,987,523,1170,645
image455.png,1280,720,lionfish,948,265,1056,383
image456.png,1280,720,lionfish,361,622,480,720
image456.png,1280,720,lionfish,516,185,615,283
image456.png,1280,720,lionfish,665,484,789,614
image456.png,1280,720,lionfish,716,588,819,691
image456.png,1280,720,lionfish,695,343,832,518
image457.png,1280,720,lionfish,482,438,593,545
image457.png,1280,720,lionfish,944,98,1033,182
image457.png,1280,720,lionfish,870,263,972,349
image457.png,1280,720,lionfish,751,368,835,471
image458.png,1280,720,lionfish,889,512,983,644
image458.png,1280,720,lionfish,505,510,619,583
image458.png,1280,720,lionfish,693,426,765,519
image458.png,1280,720,lionfish,733,586,820,648
image459.png,1280,720,lionfish,543,596,660,714
image459.png,1280,720,lionfish,839,357,949,469
image459.png,1280,720,lionfish,742,410,857,559
image460.png,1280,720,lionfish,573,191,754,332
image460.png,1280,720,lionfish,347,399,472,499
image460.png,1280,720,lionfish,779,358,890,461
image460.png,1280,720,lionfish,622,480,774,590
image461.png,1280,720,lionfish,716,564,908,698
image461.png,1280,720,lionfish,599,562,721,690
image461.png,1280,720,lionfish,1089,169,1252,304
image462.png,1280,720,lionfish,205,240,319,360
image462.png,1280,720,lionfish,213,434,367,580
image462.png,1280,720,lionfish,371,525,489,664
image462.png,1280,720,lionfish,547,451,635,545
image462.png,1280,720,lionfish,610,524,818,680
image462.png,1280,720,lionfish,771,444,923,582
image462.png,1280,720,lionfish,856,404,935,462
image462.png,1280,720,lionfish,322,340,433,480
image463.png,1280,720,lionfish,736,478,790,549
image464.png,1280,720,lionfish,519,253,629,368
image464.png,1280,720,lionfish,736,355,843,448
image464.png,1280,720,lionfish,704,496,828,578
image465.png,1280,720,lionfish,371,491,555,619
image465.png,1280,720,lionfish,720,393,894,525
image465.png,1280,720,lionfish,331,647,466,720
image465.png,1280,720,lionfish,813,216,924,297
image466.png,1280,720,lionfish,397,544,527,673
image466.png,1280,720,lionfish,721,457,860,580
image466.png,1280,720,lionfish,810,186,930,294
image466.png,1280,720,lionfish,803,122,911,203
image466.png,1280,720,lionfish,652,380,786,497
image467.png,1280,720,lionfish,673,540,793,659
image467.png,1280,720,lionfish,691,448,764,520
image468.png,1280,720,lionfish,331,516,546,720
image468.png,1280,720,lionfish,522,428,639,545
image468.png,1280,720,lionfish,602,294,707,379
image468.png,1280,720,lionfish,870,100,970,196
image469.png,1280,720,lionfish,552,257,714,378
image469.png,1280,720,lionfish,622,108,759,243
image469.png,1280,720,lionfish,558,379,699,580
image469.png,1280,720,lionfish,600,539,780,713
image469.png,1280,720,lionfish,690,428,844,551
image469.png,1280,720,lionfish,671,369,803,476
image469.png,1280,720,lionfish,752,521,913,657
image470.png,1280,720,lionfish,589,85,757,228
image470.png,1280,720,lionfish,738,300,924,486
image470.png,1280,720,lionfish,891,337,1070,495
image470.png,1280,720,lionfish,971,523,1204,710
image470.png,1280,720,lionfish,822,512,973,720
image470.png,1280,720,lionfish,549,449,817,667
image471.png,1280,720,lionfish,363,307,548,490
image471.png,1280,720,lionfish,447,184,630,316
image471.png,1280,720,lionfish,630,380,842,570
image471.png,1280,720,lionfish,719,589,863,720
image471.png,1280,720,lionfish,872,599,1020,720
image472.png,1280,720,lionfish,921,533,1015,712
image472.png,1280,720,lionfish,938,346,1064,492
image472.png,1280,720,lionfish,689,475,757,637
image474.png,1280,720,lionfish,641,521,724,610
image507.png,854,480,lionfish,252,382,365,468
image507.png,854,480,lionfish,291,295,355,335
image507.png,854,480,lionfish,333,253,413,304
image507.png,854,480,lionfish,289,226,365,277
image507.png,854,480,lionfish,225,202,263,230
image507.png,854,480,lionfish,467,159,551,220
image507.png,854,480,lionfish,444,78,521,128
image508.png,854,480,lionfish,169,410,283,470
image508.png,854,480,lionfish,322,326,403,368
image508.png,854,480,lionfish,179,314,283,402
image508.png,854,480,lionfish,247,354,377,420
image508.png,854,480,lionfish,407,196,509,292
image509.png,854,480,lionfish,243,376,399,467
image509.png,854,480,lionfish,111,435,268,480
image509.png,854,480,lionfish,133,327,314,438
image509.png,854,480,lionfish,321,300,364,375
image509.png,854,480,lionfish,153,234,215,282
image509.png,854,480,lionfish,193,160,250,211
image509.png,854,480,lionfish,401,190,543,324
image509.png,854,480,lionfish,436,93,561,179
image510.png,854,480,lionfish,119,234,273,334
image510.png,854,480,lionfish,19,399,201,480
image510.png,854,480,lionfish,296,58,517,258
image510.png,854,480,lionfish,68,1,341,110
image512.png,854,480,lionfish,297,244,441,342
image512.png,854,480,lionfish,419,242,552,363
image512.png,854,480,lionfish,263,162,393,236
image512.png,854,480,lionfish,524,182,703,288
image513.png,854,480,lionfish,293,402,400,479
image513.png,854,480,lionfish,325,359,403,407
image513.png,854,480,lionfish,416,291,550,390
image513.png,854,480,lionfish,324,240,405,359
image513.png,854,480,lionfish,534,295,687,419
image513.png,854,480,lionfish,404,176,517,263
image513.png,854,480,lionfish,682,259,854,377
image513.png,854,480,lionfish,623,364,723,435
image514.png,854,480,lionfish,298,214,365,262
image514.png,854,480,lionfish,334,303,455,432
image514.png,854,480,lionfish,452,284,659,439
image514.png,854,480,lionfish,494,9,854,368
image515.png,854,480,lionfish,235,251,292,303
image515.png,854,480,lionfish,299,401,428,480
image515.png,854,480,lionfish,433,321,599,428
image515.png,854,480,lionfish,403,112,581,331
image515.png,854,480,lionfish,315,190,375,247
image516.png,854,480,lionfish,259,394,356,450
image517.png,854,480,lionfish,230,385,381,480
image517.png,854,480,lionfish,406,2,451,50
image518.png,854,480,lionfish,437,344,573,480
image519.png,854,480,lionfish,185,360,383,474
image520.png,854,480,lionfish,380,356,570,480
image520.png,854,480,lionfish,536,228,854,475
image520.png,854,480,lionfish,573,52,808,282
image521.png,854,480,lionfish,250,364,398,477
image521.png,854,480,lionfish,585,70,821,212
image522.png,854,480,lionfish,208,135,352,224
image522.png,854,480,lionfish,419,4,556,101
image522.png,854,480,lionfish,359,59,483,165
image522.png,854,480,lionfish,167,14,331,127
image524.png,854,480,lionfish,396,280,507,338
image524.png,854,480,lionfish,392,333,517,404
image524.png,854,480,lionfish,1,341,245,467
image525.png,854,480,lionfish,293,65,423,206
image525.png,854,480,lionfish,384,70,533,191
image525.png,854,480,lionfish,417,186,515,279
image525.png,854,480,lionfish,543,43,715,199
image526.png,854,480,lionfish,144,406,299,480
image526.png,854,480,lionfish,127,232,289,305
image527.png,854,480,lionfish,208,342,321,442
image527.png,854,480,lionfish,629,215,770,286
image527.png,854,480,lionfish,595,278,725,356
image528.png,854,480,lionfish,421,170,508,237
image528.png,854,480,lionfish,269,374,372,431
image528.png,854,480,lionfish,382,403,442,480
image528.png,854,480,lionfish,25,161,173,238
image528.png,854,480,lionfish,253,127,328,186
image528.png,854,480,lionfish,217,207,316,258
image528.png,854,480,lionfish,347,184,420,229
image529.png,854,480,lionfish,370,70,473,152
image529.png,854,480,lionfish,287,115,379,174
image529.png,854,480,lionfish,341,391,463,480
image529.png,854,480,lionfish,229,371,338,460
image529.png,854,480,lionfish,116,35,216,126
image529.png,854,480,lionfish,129,142,236,219
image530.png,854,480,lionfish,387,302,573,445
image530.png,854,480,lionfish,231,357,326,440
image530.png,854,480,lionfish,6,1,246,137
image530.png,854,480,lionfish,402,1,546,65
image530.png,854,480,lionfish,287,10,395,75
image531.png,854,480,lionfish,1,155,257,363
image532.png,854,480,lionfish,214,415,369,480
image532.png,854,480,lionfish,600,136,784,214
image532.png,854,480,lionfish,712,344,854,457
image532.png,854,480,lionfish,432,130,508,191
image532.png,854,480,lionfish,548,76,592,126
image532.png,854,480,lionfish,510,103,560,154
image532.png,854,480,lionfish,616,331,700,392
image533.png,854,480,lionfish,1,234,56,343
image534.png,854,480,lionfish,362,445,458,480
image534.png,854,480,lionfish,64,231,163,294
image534.png,854,480,lionfish,175,244,308,326
image534.png,854,480,lionfish,271,180,359,247
image535.png,854,480,lionfish,43,210,132,269
image535.png,854,480,lionfish,225,207,299,260
image535.png,854,480,lionfish,189,250,263,296
image536.png,854,480,lionfish,347,383,499,456
image536.png,854,480,lionfish,201,193,303,268
image536.png,854,480,lionfish,72,210,172,273
image536.png,854,480,lionfish,3,183,117,247
image537.png,854,480,lionfish,80,354,253,423
image537.png,854,480,lionfish,261,332,375,456
image537.png,854,480,lionfish,180,326,280,383
image537.png,854,480,lionfish,358,376,467,449
image538.png,854,480,lionfish,438,375,601,480
image538.png,854,480,lionfish,72,317,371,480
image538.png,854,480,lionfish,243,287,318,356
image539.png,854,480,lionfish,294,364,335,416
image539.png,854,480,lionfish,368,376,427,434
image539.png,854,480,lionfish,433,355,495,419
image540.png,854,480,lionfish,268,330,340,388
image540.png,854,480,lionfish,412,371,484,435
image540.png,854,480,lionfish,364,420,432,477
image540.png,854,480,lionfish,229,386,319,432
image541.png,1280,720,lionfish,149,386,321,502
image541.png,1280,720,lionfish,1,492,87,603
image541.png,1280,720,lionfish,840,193,925,276
image541.png,1280,720,lionfish,367,165,442,256
image542.png,1280,720,lionfish,123,636,285,720
image542.png,1280,720,lionfish,357,519,505,628
image542.png,1280,720,lionfish,550,322,624,414
image542.png,1280,720,lionfish,1048,343,1154,419
image543.png,1280,720,lionfish,735,469,799,559
image543.png,1280,720,lionfish,545,658,692,720
image544.png,1280,720,lionfish,148,349,242,456
image544.png,1280,720,lionfish,409,70,558,225
image544.png,1280,720,lionfish,431,250,598,366
image545.png,1280,720,lionfish,72,463,277,609
image545.png,1280,720,lionfish,369,282,501,381
image545.png,1280,720,lionfish,267,242,361,356
image545.png,1280,720,lionfish,1014,117,1115,180
image545.png,1280,720,lionfish,957,45,1046,131
image545.png,1280,720,lionfish,662,178,788,266
image545.png,1280,720,lionfish,594,204,683,310
image545.png,1280,720,lionfish,574,50,659,114
image545.png,1280,720,lionfish,707,105,794,180
image546.png,1280,720,lionfish,407,199,635,379
image546.png,1280,720,lionfish,613,51,753,206
image546.png,1280,720,lionfish,939,52,1060,151
image546.png,1280,720,lionfish,760,124,888,222
image546.png,1280,720,lionfish,653,174,801,364
image546.png,1280,720,lionfish,876,83,956,204
image546.png,1280,720,lionfish,732,1,845,122
image546.png,1280,720,lionfish,1044,1,1255,117
image547.png,1280,720,lionfish,614,317,789,440
image547.png,1280,720,lionfish,572,155,719,244
image547.png,1280,720,lionfish,402,187,521,289
image547.png,1280,720,lionfish,448,114,571,180
image547.png,1280,720,lionfish,95,52,282,215
image547.png,1280,720,lionfish,745,189,883,287
image547.png,1280,720,lionfish,683,55,770,137
image548.png,1280,720,lionfish,204,340,448,555
image548.png,1280,720,lionfish,411,310,496,433
image548.png,1280,720,lionfish,501,166,645,251
image548.png,1280,720,lionfish,619,198,778,333
image548.png,1280,720,lionfish,745,109,860,232
image548.png,1280,720,lionfish,746,31,851,104
image548.png,1280,720,lionfish,791,15,934,170
image548.png,1280,720,lionfish,1034,135,1201,259
image549.png,1280,720,lionfish,86,261,422,522
image549.png,1280,720,lionfish,378,300,497,442
image549.png,1280,720,lionfish,522,104,682,246
image549.png,1280,720,lionfish,644,205,826,345
image549.png,1280,720,lionfish,766,107,894,216
image549.png,1280,720,lionfish,1115,138,1254,284
image549.png,1280,720,lionfish,1028,55,1135,156
image549.png,1280,720,lionfish,795,19,896,88
image549.png,1280,720,lionfish,862,37,999,166
image549.png,1280,720,lionfish,1115,2,1248,98
image550.png,1280,720,lionfish,912,567,1101,664
image550.png,1280,720,lionfish,832,444,993,558
image550.png,1280,720,lionfish,279,506,409,630
image550.png,1280,720,lionfish,1034,417,1146,515
image550.png,1280,720,lionfish,915,331,1035,439
image550.png,1280,720,lionfish,619,463,716,569
image550.png,1280,720,lionfish,496,333,604,415
image550.png,1280,720,lionfish,359,365,432,450
image550.png,1280,720,lionfish,602,371,695,471
image551.png,1280,720,lionfish,370,366,494,445
image551.png,1280,720,lionfish,317,120,448,223
image551.png,1280,720,lionfish,948,212,1175,337
image551.png,1280,720,lionfish,889,97,1065,244
image551.png,1280,720,lionfish,795,119,908,225
image551.png,1280,720,lionfish,1091,89,1218,201
image551.png,1280,720,lionfish,968,1,1100,102
image551.png,1280,720,lionfish,277,263,410,390
image552.png,1280,720,lionfish,384,398,526,500
image552.png,1280,720,lionfish,303,278,445,420
image552.png,1280,720,lionfish,389,129,521,210
image552.png,1280,720,lionfish,550,225,701,324
image552.png,1280,720,lionfish,1060,331,1280,448
image552.png,1280,720,lionfish,877,183,990,317
image552.png,1280,720,lionfish,966,188,1154,310
image552.png,1280,720,lionfish,719,201,847,312
image552.png,1280,720,lionfish,536,286,621,365
image553.png,1280,720,lionfish,619,488,799,692
image553.png,1280,720,lionfish,1083,480,1280,589
image553.png,1280,720,lionfish,283,548,431,699
image553.png,1280,720,lionfish,371,377,514,463
image553.png,1280,720,lionfish,317,419,500,580
image553.png,1280,720,lionfish,962,329,1126,452
image553.png,1280,720,lionfish,841,397,967,517
image553.png,1280,720,lionfish,511,350,653,545
image553.png,1280,720,lionfish,1114,361,1237,439
image555.png,1280,720,lionfish,1128,364,1280,509
image555.png,1280,720,lionfish,804,447,942,540
image555.png,1280,720,lionfish,896,203,1030,348
image555.png,1280,720,lionfish,807,217,926,306
image555.png,1280,720,lionfish,656,167,848,329
image555.png,1280,720,lionfish,666,349,795,488
image556.png,1280,720,lionfish,107,332,229,521
image556.png,1280,720,lionfish,395,332,501,433
image556.png,1280,720,lionfish,442,245,585,365
image556.png,1280,720,lionfish,679,172,836,327
image556.png,1280,720,lionfish,920,147,1073,263
image556.png,1280,720,lionfish,859,63,978,145
image556.png,1280,720,lionfish,702,19,848,95
image556.png,1280,720,lionfish,708,86,855,175
image556.png,1280,720,lionfish,485,65,624,174
image557.png,1280,720,lionfish,213,375,416,511
image557.png,1280,720,lionfish,14,552,172,703
image557.png,1280,720,lionfish,285,132,415,217
image557.png,1280,720,lionfish,194,257,352,353
image557.png,1280,720,lionfish,524,228,666,328
image557.png,1280,720,lionfish,556,47,680,159
image557.png,1280,720,lionfish,461,39,543,125
image557.png,1280,720,lionfish,489,128,617,222
image557.png,1280,720,lionfish,770,1,909,86
image558.png,1280,720,lionfish,405,480,593,687
image558.png,1280,720,lionfish,239,532,422,652
image558.png,1280,720,lionfish,705,139,827,254
image558.png,1280,720,lionfish,447,239,555,337
image558.png,1280,720,lionfish,161,253,266,352
image558.png,1280,720,lionfish,65,376,182,490
image558.png,1280,720,lionfish,304,227,400,307
image559.png,1280,720,lionfish,629,267,855,544
image559.png,1280,720,lionfish,1092,45,1260,290
image559.png,1280,720,lionfish,753,163,954,277
image559.png,1280,720,lionfish,911,98,1064,246
image560.png,1280,720,lionfish,578,122,715,248
image560.png,1280,720,lionfish,710,61,893,182
image560.png,1280,720,lionfish,560,298,730,445
image560.png,1280,720,lionfish,924,175,1085,414
image560.png,1280,720,lionfish,705,235,869,343
image560.png,1280,720,lionfish,766,434,939,596
image561.png,1280,720,lionfish,470,441,714,657
image561.png,1280,720,lionfish,407,28,562,155
image561.png,1280,720,lionfish,420,206,606,365
image561.png,1280,720,lionfish,257,158,434,336
image561.png,1280,720,lionfish,668,218,803,462
image562.png,1280,720,lionfish,545,231,707,380
image562.png,1280,720,lionfish,787,135,1018,269
image562.png,1280,720,lionfish,663,130,842,296
image562.png,1280,720,lionfish,292,1,432,52
image563.png,1280,720,lionfish,533,564,638,696
image563.png,1280,720,lionfish,660,542,814,720
image563.png,1280,720,lionfish,748,406,855,533
image563.png,1280,720,lionfish,372,580,467,685
image563.png,1280,720,lionfish,97,486,218,558
image564.png,1280,720,lionfish,430,223,522,328
image564.png,1280,720,lionfish,297,226,408,345
image564.png,1280,720,lionfish,662,16,789,115
image564.png,1280,720,lionfish,789,55,883,146
image564.png,1280,720,lionfish,710,175,853,281
image564.png,1280,720,lionfish,590,217,724,323
image564.png,1280,720,lionfish,600,124,714,208
image564.png,1280,720,lionfish,104,55,226,121
image565.png,1280,720,lionfish,968,169,1070,271
image565.png,1280,720,lionfish,836,109,954,186
image565.png,1280,720,lionfish,430,326,545,441
image565.png,1280,720,lionfish,264,148,375,204
image565.png,1280,720,lionfish,642,103,796,194
image565.png,1280,720,lionfish,607,200,771,329
image565.png,1280,720,lionfish,834,297,996,422
image565.png,1280,720,lionfish,567,321,688,438
image566.png,1280,720,lionfish,401,214,478,303
image566.png,1280,720,lionfish,621,63,760,190
image566.png,1280,720,lionfish,283,104,415,180
image566.png,1280,720,lionfish,444,334,612,468
image566.png,1280,720,lionfish,897,282,1108,466
image566.png,1280,720,lionfish,1107,222,1244,354
image566.png,1280,720,lionfish,630,190,842,341
image566.png,1280,720,lionfish,511,246,631,351
image566.png,1280,720,lionfish,758,73,866,146
image566.png,1280,720,lionfish,957,119,1117,231
image567.png,1280,720,lionfish,861,351,948,407
image567.png,1280,720,lionfish,980,300,1087,390
image567.png,1280,720,lionfish,1029,391,1131,466
image567.png,1280,720,lionfish,895,441,966,521
image567.png,1280,720,lionfish,1158,216,1280,332
image567.png,1280,720,lionfish,948,437,1047,512
image568.png,1280,720,lionfish,946,378,1050,456
image568.png,1280,720,lionfish,1166,297,1280,389
image568.png,1280,720,lionfish,1007,469,1096,556
image568.png,1280,720,lionfish,923,493,1021,573
image569.png,1280,720,lionfish,101,134,231,229
image569.png,1280,720,lionfish,676,175,840,301
image569.png,1280,720,lionfish,730,80,875,201
image570.png,1280,720,lionfish,580,617,689,703
image570.png,1280,720,lionfish,545,526,626,602
image570.png,1280,720,lionfish,622,473,713,541
image570.png,1280,720,lionfish,815,554,915,650
image570.png,1280,720,lionfish,702,548,786,627
image571.png,1280,720,lionfish,1044,276,1203,376
image571.png,1280,720,lionfish,454,501,543,575
image571.png,1280,720,lionfish,689,429,784,507
image571.png,1280,720,lionfish,582,423,652,488
image572.png,1280,720,lionfish,1009,339,1095,412
image572.png,1280,720,lionfish,934,245,1017,317
image573.png,1280,720,lionfish,667,227,786,313
image573.png,1280,720,lionfish,180,268,314,379
image574.png,1280,720,lionfish,640,144,769,244
image574.png,1280,720,lionfish,1,214,150,398
image575.png,1280,720,lionfish,682,156,822,267
image576.png,1280,720,lionfish,536,237,600,336
image576.png,1280,720,lionfish,571,121,690,232
image576.png,1280,720,lionfish,724,160,842,259
image576.png,1280,720,lionfish,871,154,1005,289
image576.png,1280,720,lionfish,889,69,1012,141
image576.png,1280,720,lionfish,685,106,808,178
image576.png,1280,720,lionfish,783,73,883,151
image577.png,1280,720,lionfish,454,384,636,552
image577.png,1280,720,lionfish,554,140,732,314
image577.png,1280,720,lionfish,715,95,833,209
image577.png,1280,720,lionfish,795,178,936,320
image577.png,1280,720,lionfish,822,48,952,168
image577.png,1280,720,lionfish,926,111,1043,230
image577.png,1280,720,lionfish,1082,176,1266,332
image577.png,1280,720,lionfish,1026,65,1137,178
image578.png,1280,720,lionfish,582,317,776,608
image579.png,1280,720,lionfish,152,52,304,169
image579.png,1280,720,lionfish,298,249,460,439
image579.png,1280,720,lionfish,408,118,528,222
image579.png,1280,720,lionfish,495,197,622,331
image579.png,1280,720,lionfish,577,266,745,404
image580.png,1280,720,lionfish,918,431,988,497
image581.png,1280,720,lionfish,853,463,929,564
image581.png,1280,720,lionfish,619,490,690,551
image581.png,1280,720,lionfish,775,325,836,379
image581.png,1280,720,lionfish,560,437,621,479
image581.png,1280,720,lionfish,486,479,555,526
image581.png,1280,720,lionfish,1127,557,1175,633
image581.png,1280,720,lionfish,905,592,960,640
image582.png,1280,720,lionfish,907,325,973,375
image582.png,1280,720,lionfish,1060,498,1138,616
image582.png,1280,720,lionfish,636,516,697,569
image582.png,1280,720,lionfish,824,368,881,411
image582.png,1280,720,lionfish,699,452,756,512
image583.png,1280,720,lionfish,831,166,895,227
image583.png,1280,720,lionfish,1110,380,1211,486
image583.png,1280,720,lionfish,760,236,826,289
image585.png,1280,720,lionfish,862,202,953,277
image585.png,1280,720,lionfish,936,257,1018,355
image585.png,1280,720,lionfish,917,388,1004,460
image585.png,1280,720,lionfish,768,222,836,289
image585.png,1280,720,lionfish,758,594,816,657
image585.png,1280,720,lionfish,837,515,922,586
image585.png,1280,720,lionfish,981,541,1037,608
image585.png,1280,720,lionfish,924,610,1007,675
image586.png,1280,720,lionfish,540,134,653,220
image586.png,1280,720,lionfish,868,310,954,391
image586.png,1280,720,lionfish,939,584,1027,657
image586.png,1280,720,lionfish,1030,641,1106,720
image587.png,1280,720,lionfish,951,129,1101,230
image587.png,1280,720,lionfish,983,274,1108,382
image587.png,1280,720,lionfish,1019,373,1152,467
image588.png,1280,720,lionfish,358,1,504,139
image588.png,1280,720,lionfish,1049,91,1185,180
image588.png,1280,720,lionfish,989,245,1166,385
image588.png,1280,720,lionfish,1054,403,1207,554
image588.png,1280,720,lionfish,1113,551,1247,667
image588.png,1280,720,lionfish,372,549,463,640
image589.png,1280,720,lionfish,814,187,949,314
image589.png,1280,720,lionfish,823,368,966,474
image589.png,1280,720,lionfish,1048,476,1150,605
image589.png,1280,720,lionfish,932,536,1067,669
image589.png,1280,720,lionfish,709,1,901,80
image590.png,1280,720,lionfish,470,286,607,450
image590.png,1280,720,lionfish,750,243,866,347
image590.png,1280,720,lionfish,599,372,791,526
image590.png,1280,720,lionfish,774,403,902,562
image590.png,1280,720,lionfish,866,487,1048,618
image590.png,1280,720,lionfish,824,300,970,416
image590.png,1280,720,lionfish,507,251,638,331
image591.png,1280,720,lionfish,680,6,864,155
image591.png,1280,720,lionfish,1043,2,1207,228
image592.png,1280,720,lionfish,555,34,742,186
image592.png,1280,720,lionfish,660,421,824,548
image592.png,1280,720,lionfish,884,392,978,475
image592.png,1280,720,lionfish,848,133,982,242
image592.png,1280,720,lionfish,704,305,814,422
image592.png,1280,720,lionfish,769,235,866,341
image593.png,1280,720,lionfish,704,434,891,669
image593.png,1280,720,lionfish,707,1,846,112
image593.png,1280,720,lionfish,519,59,634,186
image593.png,1280,720,lionfish,598,279,753,424
image593.png,1280,720,lionfish,573,436,716,580
image593.png,1280,720,lionfish,672,97,777,204
image594.png,1280,720,lionfish,592,389,724,521
image594.png,1280,720,lionfish,717,369,880,575
image594.png,1280,720,lionfish,656,59,771,164
image594.png,1280,720,lionfish,457,1,598,96
image594.png,1280,720,lionfish,680,1,807,62
image594.png,1280,720,lionfish,600,225,708,357
image595.png,1280,720,lionfish,446,423,634,563
image595.png,1280,720,lionfish,657,249,782,328
image595.png,1280,720,lionfish,275,1,501,147
image595.png,1280,720,lionfish,658,338,768,457
image595.png,1280,720,lionfish,437,233,584,358
image596.png,1280,720,lionfish,766,281,883,381
image596.png,1280,720,lionfish,829,406,960,574
image597.png,1280,720,lionfish,388,370,533,530
image597.png,1280,720,lionfish,509,513,684,627
image597.png,1280,720,lionfish,480,154,601,324
image597.png,1280,720,lionfish,374,1,496,103
image597.png,1280,720,lionfish,722,508,836,605
image598.png,1280,720,lionfish,587,98,736,262
image598.png,1280,720,lionfish,684,278,806,474
image598.png,1280,720,lionfish,629,268,708,426
image599.png,1280,720,lionfish,853,410,1107,612
image599.png,1280,720,lionfish,936,209,1099,360
image599.png,1280,720,lionfish,1096,2,1280,128
image600.png,1280,720,lionfish,346,182,524,358
image600.png,1280,720,lionfish,673,395,836,552
image600.png,1280,720,lionfish,481,369,601,483
image600.png,1280,720,lionfish,465,605,613,720
image600.png,1280,720,lionfish,580,245,693,394
image601.png,1280,720,lionfish,359,384,526,518
image601.png,1280,720,lionfish,169,163,454,403
image601.png,1280,720,lionfish,504,217,613,393
image601.png,1280,720,lionfish,713,528,819,650
image602.png,1280,720,lionfish,848,304,983,429
image602.png,1280,720,lionfish,537,137,691,252
image602.png,1280,720,lionfish,724,216,926,304
image602.png,1280,720,lionfish,1100,27,1221,133
image602.png,1280,720,lionfish,897,114,1014,210
image603.png,1280,720,lionfish,628,443,866,623
image603.png,1280,720,lionfish,737,222,904,375
image603.png,1280,720,lionfish,882,228,1111,338
image603.png,1280,720,lionfish,1005,79,1169,212
image603.png,1280,720,lionfish,1116,224,1272,352
image603.png,1280,720,lionfish,771,398,966,565
image603.png,1280,720,lionfish,620,69,838,234
image604.png,1280,720,lionfish,505,360,709,565
image604.png,1280,720,lionfish,682,456,894,616
image604.png,1280,720,lionfish,771,222,888,372
image604.png,1280,720,lionfish,977,231,1142,334
image604.png,1280,720,lionfish,798,60,973,239
image604.png,1280,720,lionfish,834,1,985,69
image604.png,1280,720,lionfish,968,105,1126,218
image605.png,1280,720,lionfish,1,501,241,720
image605.png,1280,720,lionfish,500,528,651,674
image605.png,1280,720,lionfish,488,271,628,378
image605.png,1280,720,lionfish,741,109,853,210
image605.png,1280,720,lionfish,702,514,848,616
image605.png,1280,720,lionfish,737,310,862,385
image605.png,1280,720,lionfish,804,365,930,411
image605.png,1280,720,lionfish,754,402,859,464
image605.png,1280,720,lionfish,882,466,1044,550
image606.png,1280,720,lionfish,590,62,839,275
image606.png,1280,720,lionfish,1133,169,1280,343
image607.png,1280,720,lionfish,36,469,330,707
image607.png,1280,720,lionfish,619,322,784,440
image607.png,1280,720,lionfish,638,598,790,718
image607.png,1280,720,lionfish,829,440,985,585
image607.png,1280,720,lionfish,1033,461,1203,586
image608.png,1280,720,lionfish,1,107,191,305
image608.png,1280,720,lionfish,562,298,720,433
image608.png,1280,720,lionfish,734,411,860,527
image608.png,1280,720,lionfish,757,151,921,286
image608.png,1280,720,lionfish,572,1,740,132
image608.png,1280,720,lionfish,1001,207,1169,305
image608.png,1280,720,lionfish,1083,1,1223,95
image608.png,1280,720,lionfish,819,51,971,156
image608.png,1280,720,lionfish,930,163,1044,240
image609.png,1280,720,lionfish,499,547,663,669
image609.png,1280,720,lionfish,444,328,631,478
image609.png,1280,720,lionfish,689,377,819,553
image609.png,1280,720,lionfish,704,89,813,228
image609.png,1280,720,lionfish,983,375,1136,488
image609.png,1280,720,lionfish,782,128,914,261
image609.png,1280,720,lionfish,841,453,960,567
image610.png,1280,720,lionfish,332,1,474,142
image610.png,1280,720,lionfish,538,1,672,121
image611.png,1280,720,lionfish,593,1,731,88
image611.png,1280,720,lionfish,554,404,742,631
image611.png,1280,720,lionfish,724,280,850,495
image611.png,1280,720,lionfish,324,217,529,384
image612.png,1280,720,lionfish,456,308,620,551
image612.png,1280,720,lionfish,671,350,815,548
image612.png,1280,720,lionfish,721,246,825,375
image612.png,1280,720,lionfish,850,609,964,720
image613.png,1280,720,lionfish,493,128,706,283
image613.png,1280,720,lionfish,730,98,819,196
image613.png,1280,720,lionfish,759,227,848,311
image613.png,1280,720,lionfish,695,302,837,499
image613.png,1280,720,lionfish,712,535,877,621
image614.png,1280,720,lionfish,731,386,915,543
image614.png,1280,720,lionfish,458,304,571,400
image614.png,1280,720,lionfish,326,298,442,416
image614.png,1280,720,lionfish,178,428,349,521
image614.png,1280,720,lionfish,330,429,622,720
image615.png,1280,720,lionfish,382,457,647,645
image615.png,1280,720,lionfish,576,348,684,426
image615.png,1280,720,lionfish,643,298,737,362
image615.png,1280,720,lionfish,398,304,542,391
image615.png,1280,720,lionfish,317,216,446,329
image616.png,1280,720,lionfish,432,137,668,371
image616.png,1280,720,lionfish,589,392,726,534
image616.png,1280,720,lionfish,731,310,887,433
image616.png,1280,720,lionfish,673,225,786,325
image616.png,1280,720,lionfish,677,82,809,183
image616.png,1280,720,lionfish,785,188,911,276
image617.png,1280,720,lionfish,1101,460,1280,578
image617.png,1280,720,lionfish,997,247,1108,306
image617.png,1280,720,lionfish,111,1,395,196
image617.png,1280,720,lionfish,751,388,929,580
image617.png,1280,720,lionfish,934,440,1107,510
image618.png,1280,720,lionfish,630,531,823,720
image618.png,1280,720,lionfish,328,232,415,330
image619.png,1280,720,lionfish,560,555,726,720
image619.png,1280,720,lionfish,252,235,344,338
image619.png,1280,720,lionfish,332,465,520,614
image619.png,1280,720,lionfish,301,389,408,477
image620.png,1280,720,lionfish,614,469,736,641
image621.png,1280,720,lionfish,677,395,793,467
image622.png,1280,720,lionfish,136,1,339,89
image622.png,1280,720,lionfish,789,150,879,216
image622.png,1280,720,lionfish,902,216,995,286
image622.png,1280,720,lionfish,1137,247,1237,325
image622.png,1280,720,lionfish,650,1,760,79
image622.png,1280,720,lionfish,593,85,701,175
image623.png,1280,720,lionfish,598,535,754,683
image623.png,1280,720,lionfish,665,217,789,331
image623.png,1280,720,lionfish,1118,189,1201,266
image623.png,1280,720,lionfish,921,227,1019,325
image624.png,1280,720,lionfish,205,443,384,612
image624.png,1280,720,lionfish,745,377,873,507
image624.png,1280,720,lionfish,472,43,607,157
image624.png,1280,720,lionfish,607,21,683,92
image625.png,1280,720,lionfish,109,447,289,595
image625.png,1280,720,lionfish,724,382,866,524
image625.png,1280,720,lionfish,438,16,578,139
image625.png,1280,720,lionfish,631,258,721,331
image625.png,1280,720,lionfish,572,4,681,87
image630.png,1280,720,lionfish,440,10,672,126
image631.png,1280,720,lionfish,207,4,368,170
image631.png,1280,720,lionfish,343,109,485,208
image631.png,1280,720,lionfish,568,397,743,560
image631.png,1280,720,lionfish,716,299,836,386
image631.png,1280,720,lionfish,845,466,1012,567
image631.png,1280,720,lionfish,555,169,672,289
image632.png,1280,720,lionfish,666,116,808,280
image632.png,1280,720,lionfish,801,39,986,263
image632.png,1280,720,lionfish,922,33,1107,138
image633.png,1280,720,lionfish,454,184,637,410
image633.png,1280,720,lionfish,711,310,876,543
image634.png,1280,720,lionfish,101,249,306,411
image634.png,1280,720,lionfish,624,473,812,612
image634.png,1280,720,lionfish,458,339,531,408
image634.png,1280,720,lionfish,625,354,696,427
image634.png,1280,720,lionfish,544,308,624,384
image635.png,1280,720,lionfish,623,449,752,539
image635.png,1280,720,lionfish,89,432,216,529
image635.png,1280,720,lionfish,1,498,121,608
image635.png,1280,720,lionfish,453,430,618,536
image635.png,1280,720,lionfish,623,598,775,703
image635.png,1280,720,lionfish,355,538,456,599
image635.png,1280,720,lionfish,207,554,340,622
image636.png,1280,720,lionfish,435,323,550,422
image636.png,1280,720,lionfish,791,633,999,720
image636.png,1280,720,lionfish,515,408,677,497
image636.png,1280,720,lionfish,185,70,299,194
image636.png,1280,720,lionfish,586,551,731,673
image637.png,1280,720,lionfish,292,303,452,420
image637.png,1280,720,lionfish,220,417,430,511
image637.png,1280,720,lionfish,666,436,801,592
image637.png,1280,720,lionfish,520,550,662,689
image638.png,1280,720,lionfish,432,337,538,428
image638.png,1280,720,lionfish,509,408,672,529
image638.png,1280,720,lionfish,722,516,847,602
image638.png,1280,720,lionfish,759,644,975,720
image638.png,1280,720,lionfish,191,75,293,217
image638.png,1280,720,lionfish,209,212,285,300
image639.png,1280,720,lionfish,299,145,425,280
image639.png,1280,720,lionfish,295,279,431,390
image639.png,1280,720,lionfish,628,663,810,720
image640.png,1280,720,lionfish,194,260,423,482
image640.png,1280,720,lionfish,322,144,479,282
image641.png,1280,720,lionfish,97,270,209,416
image641.png,1280,720,lionfish,72,64,210,201
image641.png,1280,720,lionfish,597,439,759,522
image641.png,1280,720,lionfish,415,269,529,377
image641.png,1280,720,lionfish,404,1,515,106
image641.png,1280,720,lionfish,749,367,848,450
image641.png,1280,720,lionfish,939,568,1114,686
image641.png,1280,720,lionfish,530,202,635,317
image642.png,1280,720,lionfish,838,466,1065,686
image642.png,1280,720,lionfish,1021,314,1150,473
image642.png,1280,720,lionfish,761,287,912,434
image642.png,1280,720,lionfish,539,26,642,109
image642.png,1280,720,lionfish,467,116,606,244
image642.png,1280,720,lionfish,632,349,766,439
image642.png,1280,720,lionfish,751,238,893,325
image643.png,1280,720,lionfish,581,563,783,720
image643.png,1280,720,lionfish,756,320,898,447
image644.png,1280,720,lionfish,492,409,716,607
image644.png,1280,720,lionfish,902,334,1035,433
image644.png,1280,720,lionfish,758,320,887,449
image645.png,1280,720,lionfish,736,374,864,516
image645.png,1280,720,lionfish,430,245,591,361
image645.png,1280,720,lionfish,875,393,1013,480
image645.png,1280,720,lionfish,413,453,671,632
image645.png,1280,720,lionfish,858,475,1014,612
image646.png,1280,720,lionfish,504,453,742,627
image646.png,1280,720,lionfish,801,363,934,495
image646.png,1280,720,lionfish,956,379,1086,461
image646.png,1280,720,lionfish,501,243,669,360
image646.png,1280,720,lionfish,946,463,1131,599
image647.png,1280,720,lionfish,116,1,278,101
image647.png,1280,720,lionfish,9,208,178,369
image648.png,1280,720,lionfish,1000,360,1153,476
image648.png,1280,720,lionfish,411,184,525,275
image648.png,1280,720,lionfish,407,260,539,406
image648.png,1280,720,lionfish,541,254,636,349
image648.png,1280,720,lionfish,2,50,183,221
image648.png,1280,720,lionfish,503,367,642,490
image648.png,1280,720,lionfish,693,410,789,495
image648.png,1280,720,lionfish,849,510,951,628
image649.png,1280,720,lionfish,457,116,559,208
image649.png,1280,720,lionfish,1089,359,1276,510
image649.png,1280,720,lionfish,405,189,545,349
image649.png,1280,720,lionfish,531,201,664,304
image649.png,1280,720,lionfish,461,334,660,450
image649.png,1280,720,lionfish,891,528,994,650
image649.png,1280,720,lionfish,740,403,875,527
image650.png,1280,720,lionfish,832,337,1036,482
image650.png,1280,720,lionfish,401,432,556,613
image650.png,1280,720,lionfish,213,262,331,407
image650.png,1280,720,lionfish,241,117,375,240
image650.png,1280,720,lionfish,89,68,332,201
image650.png,1280,720,lionfish,609,375,739,475
image650.png,1280,720,lionfish,606,484,714,596
image650.png,1280,720,lionfish,578,604,681,720
image651.png,1280,720,lionfish,1,1,262,145
image651.png,1280,720,lionfish,725,355,860,480
image651.png,1280,720,lionfish,332,522,540,720
image651.png,1280,720,lionfish,140,288,295,468
image651.png,1280,720,lionfish,219,105,360,274
image651.png,1280,720,lionfish,494,349,602,480
image651.png,1280,720,lionfish,624,397,725,539
image651.png,1280,720,lionfish,607,546,713,663
image652.png,1280,720,lionfish,600,333,715,469
image652.png,1280,720,lionfish,459,403,608,588
image652.png,1280,720,lionfish,458,577,560,720
image652.png,1280,720,lionfish,274,352,437,517
image652.png,1280,720,lionfish,146,458,322,635
image652.png,1280,720,lionfish,722,143,803,216
image653.png,1280,720,lionfish,720,463,839,580
image653.png,1280,720,lionfish,504,572,650,714
image654.png,1280,720,lionfish,1007,595,1215,720
image655.png,1280,720,lionfish,920,320,1084,463
image655.png,1280,720,lionfish,711,279,892,432
image655.png,1280,720,lionfish,440,147,624,273
image655.png,1280,720,lionfish,630,38,729,147
image655.png,1280,720,lionfish,483,342,705,533
image655.png,1280,720,lionfish,810,487,996,644
image655.png,1280,720,lionfish,988,507,1136,679
image655.png,1280,720,lionfish,233,275,481,413
image656.png,1280,720,lionfish,260,266,407,374
image656.png,1280,720,lionfish,414,345,617,532
image656.png,1280,720,lionfish,530,48,626,151
image656.png,1280,720,lionfish,589,123,705,199
image656.png,1280,720,lionfish,619,269,796,428
image656.png,1280,720,lionfish,807,307,995,473
image656.png,1280,720,lionfish,742,487,919,632
image656.png,1280,720,lionfish,367,175,536,279
image656.png,1280,720,lionfish,1069,573,1234,720
image657.png,1280,720,lionfish,166,408,313,569
image657.png,1280,720,lionfish,308,380,420,516
image657.png,1280,720,lionfish,227,1,343,174
image657.png,1280,720,lionfish,261,290,413,416
image657.png,1280,720,lionfish,549,564,850,720
image658.png,1280,720,lionfish,860,280,960,430
image658.png,1280,720,lionfish,924,113,1021,176
image659.png,1280,720,lionfish,493,468,577,547
image659.png,1280,720,lionfish,589,537,666,606
image659.png,1280,720,lionfish,627,319,691,389
image659.png,1280,720,lionfish,520,340,604,413
image660.png,1280,720,lionfish,648,345,769,423
image660.png,1280,720,lionfish,7,71,176,239
image660.png,1280,720,lionfish,389,338,499,452
image660.png,1280,720,lionfish,490,651,566,711
image661.png,1280,720,lionfish,664,421,743,488
image661.png,1280,720,lionfish,407,441,502,563
image661.png,1280,720,lionfish,300,268,407,333
image661.png,1280,720,lionfish,221,145,312,229
image661.png,1280,720,lionfish,572,352,648,417
image661.png,1280,720,lionfish,77,212,160,375
image661.png,1280,720,lionfish,166,209,276,328
image665.png,854,480,lionfish,339,148,380,198
image665.png,854,480,lionfish,404,226,469,298
image665.png,854,480,lionfish,365,188,447,239
image666.png,854,480,lionfish,276,75,331,127
image666.png,854,480,lionfish,312,112,405,166
image666.png,854,480,lionfish,355,155,429,229
image666.png,854,480,lionfish,595,92,665,170
image667.png,854,480,lionfish,1,257,83,351
image667.png,854,480,lionfish,280,164,334,256
image667.png,854,480,lionfish,741,134,818,200
image667.png,854,480,lionfish,712,91,771,146
image668.png,854,480,lionfish,295,372,361,476
image668.png,854,480,lionfish,732,275,782,319
image668.png,854,480,lionfish,776,311,854,369
image668.png,854,480,lionfish,700,201,752,232
image670.png,854,480,lionfish,300,327,433,435
image670.png,854,480,lionfish,120,228,233,336
image670.png,854,480,lionfish,268,280,355,334
image670.png,854,480,lionfish,191,309,301,378
image671.png,854,480,lionfish,126,256,229,365
image671.png,854,480,lionfish,264,295,355,351
image671.png,854,480,lionfish,279,351,367,419
image671.png,854,480,lionfish,200,321,280,388
image672.png,854,480,lionfish,148,393,237,471
image673.png,854,480,lionfish,616,165,692,252
image673.png,854,480,lionfish,471,102,540,159
image679.png,854,480,lionfish,268,218,392,307
image679.png,854,480,lionfish,424,202,545,311
image679.png,854,480,lionfish,419,138,501,197
image679.png,854,480,lionfish,263,138,359,199
image679.png,854,480,lionfish,71,184,193,253
image679.png,854,480,lionfish,183,76,263,120
image679.png,854,480,lionfish,112,278,212,359
image680.png,854,480,lionfish,185,81,277,131
image680.png,854,480,lionfish,287,155,396,221
image680.png,854,480,lionfish,398,104,477,167
image680.png,854,480,lionfish,104,312,223,403
image680.png,854,480,lionfish,71,200,184,278
image680.png,854,480,lionfish,217,186,282,259
image680.png,854,480,lionfish,276,236,431,323
image680.png,854,480,lionfish,420,216,550,304
image681.png,854,480,lionfish,3,287,366,480
image681.png,854,480,lionfish,75,32,217,127
image681.png,854,480,lionfish,147,1,248,35
image682.png,854,480,lionfish,542,224,617,299
image682.png,854,480,lionfish,451,188,516,243
image682.png,854,480,lionfish,277,183,362,301
image682.png,854,480,lionfish,349,224,475,344
image682.png,854,480,lionfish,375,155,431,248
image683.png,854,480,lionfish,247,338,383,476
image683.png,854,480,lionfish,467,284,553,402
image683.png,854,480,lionfish,592,331,679,448
image683.png,854,480,lionfish,306,300,391,365
image684.png,854,480,lionfish,391,268,517,354
image684.png,854,480,lionfish,565,246,647,315
image684.png,854,480,lionfish,479,342,560,426
image685.png,854,480,lionfish,113,70,283,247
image685.png,854,480,lionfish,384,290,549,455
image686.png,854,480,lionfish,396,262,506,391
image686.png,854,480,lionfish,322,1,435,93
image687.png,854,480,lionfish,632,234,834,343
image688.png,854,480,lionfish,503,310,576,355
image688.png,854,480,lionfish,573,202,653,273
image688.png,854,480,lionfish,555,355,616,423
image688.png,854,480,lionfish,663,164,741,229
image688.png,854,480,lionfish,764,197,815,282
image689.png,854,480,lionfish,608,246,705,296
image689.png,854,480,lionfish,629,170,697,232
image689.png,854,480,lionfish,718,140,824,215
image689.png,854,480,lionfish,641,296,708,363
image690.png,854,480,lionfish,361,72,529,182
image690.png,854,480,lionfish,180,1,423,149
image691.png,854,480,lionfish,272,76,467,172
image691.png,854,480,lionfish,72,1,338,179
image692.png,854,480,lionfish,332,352,406,452
image692.png,854,480,lionfish,557,178,671,284
image692.png,854,480,lionfish,651,256,744,435
image692.png,854,480,lionfish,453,279,537,376
image693.png,854,480,lionfish,300,265,380,369
image693.png,854,480,lionfish,433,45,542,166
image693.png,854,480,lionfish,552,93,652,280
image693.png,854,480,lionfish,612,208,713,359
image693.png,854,480,lionfish,596,28,705,164
image694.png,854,480,lionfish,360,316,437,405
image694.png,854,480,lionfish,468,250,552,332
image694.png,854,480,lionfish,615,207,752,340
image694.png,854,480,lionfish,517,179,628,287
image695.png,854,480,lionfish,599,162,785,280
image695.png,854,480,lionfish,659,15,767,95
image695.png,854,480,lionfish,750,232,854,400
image695.png,854,480,lionfish,681,87,852,184
image696.png,854,480,lionfish,332,68,421,130
image696.png,854,480,lionfish,571,288,778,427
image696.png,854,480,lionfish,625,24,697,90
image696.png,854,480,lionfish,432,168,567,272
image696.png,854,480,lionfish,589,156,684,243
image697.png,854,480,lionfish,292,155,403,275
image697.png,854,480,lionfish,509,124,621,203
image697.png,854,480,lionfish,664,230,854,354
image697.png,854,480,lionfish,652,146,755,214
image697.png,854,480,lionfish,467,108,535,152
image699.png,854,480,lionfish,673,255,765,338
image700.png,854,480,lionfish,712,292,825,376
image701.png,854,480,lionfish,604,250,769,377
image702.png,854,480,lionfish,543,243,604,295
image705.png,854,480,lionfish,196,275,269,344
image705.png,854,480,lionfish,241,224,319,284
image705.png,854,480,lionfish,442,206,521,279
image705.png,854,480,lionfish,349,297,449,376
image706.png,854,480,lionfish,101,337,248,459
image706.png,854,480,lionfish,273,271,382,364
image707.png,854,480,lionfish,161,276,353,395
image708.png,854,480,lionfish,281,316,363,386
image709.png,854,480,lionfish,181,245,304,371
image709.png,854,480,lionfish,323,153,449,287
image710.png,854,480,lionfish,115,322,265,428
image711.png,854,480,lionfish,107,321,269,447
image712.png,854,480,lionfish,198,355,359,447
image721.png,854,480,lionfish,471,123,569,202
image721.png,854,480,lionfish,497,52,604,125
image722.png,854,480,lionfish,76,172,159,270
image722.png,854,480,lionfish,217,102,300,189
image722.png,854,480,lionfish,471,260,560,319
image722.png,854,480,lionfish,437,331,543,404
image722.png,854,480,lionfish,421,404,505,480
image723.png,854,480,lionfish,184,46,286,151
image723.png,854,480,lionfish,516,223,612,287
image723.png,854,480,lionfish,468,290,603,405
image723.png,854,480,lionfish,443,393,545,480
image724.png,854,480,lionfish,488,179,603,300
image724.png,854,480,lionfish,251,255,355,315
image724.png,854,480,lionfish,416,311,534,450
image724.png,854,480,lionfish,1,44,99,184
image725.png,854,480,lionfish,269,263,372,328
image725.png,854,480,lionfish,521,204,660,337
image725.png,854,480,lionfish,443,396,566,480
image726.png,854,480,lionfish,163,204,307,297
image726.png,854,480,lionfish,353,67,461,214
image726.png,854,480,lionfish,500,99,640,177
image726.png,854,480,lionfish,464,207,632,338
image726.png,854,480,lionfish,370,348,551,480
image727.png,854,480,lionfish,212,375,325,457
image727.png,854,480,lionfish,321,41,384,98
image727.png,854,480,lionfish,365,263,476,398
image727.png,854,480,lionfish,519,278,613,354
image728.png,854,480,lionfish,119,308,245,383
image728.png,854,480,lionfish,293,204,416,329
image728.png,854,480,lionfish,451,228,582,327
image728.png,854,480,lionfish,452,354,563,480
image729.png,854,480,lionfish,239,101,305,158
image729.png,854,480,lionfish,398,370,537,465
image730.png,854,480,lionfish,39,103,164,198
image730.png,854,480,lionfish,273,58,352,114
image730.png,854,480,lionfish,58,434,223,480
image730.png,854,480,lionfish,412,352,577,470
image731.png,854,480,lionfish,1,48,143,298
image731.png,854,480,lionfish,387,361,517,462
image731.png,854,480,lionfish,425,31,504,119
image731.png,854,480,lionfish,609,23,693,78
image732.png,854,480,lionfish,417,302,463,351
image732.png,854,480,lionfish,576,363,672,434
image735.png,854,480,lionfish,311,322,438,430
image735.png,854,480,lionfish,683,252,854,409
image735.png,854,480,lionfish,424,238,480,282
image736.png,854,480,lionfish,581,302,768,473
image736.png,854,480,lionfish,171,392,282,480
image736.png,854,480,lionfish,308,294,392,342
image737.png,854,480,lionfish,365,286,494,402
image738.png,854,480,lionfish,360,303,487,398
image739.png,854,480,lionfish,674,88,808,177
image739.png,854,480,lionfish,420,256,500,381
image739.png,854,480,lionfish,584,150,660,212
image740.png,854,480,lionfish,565,114,658,179
image740.png,854,480,lionfish,376,242,463,355
image740.png,854,480,lionfish,491,150,571,198
image742.png,854,480,lionfish,448,277,521,342
image743.png,854,480,lionfish,377,258,499,348
image744.png,854,480,lionfish,400,303,524,421
image744.png,854,480,lionfish,292,410,376,480
image746.png,854,480,lionfish,401,279,493,363
image746.png,854,480,lionfish,427,5,486,87
image747.png,854,480,lionfish,379,323,497,432
image747.png,854,480,lionfish,426,60,521,159
image748.png,854,480,lionfish,440,86,604,256
image748.png,854,480,lionfish,372,346,501,456
image749.png,854,480,lionfish,509,279,570,355
image750.png,854,480,lionfish,539,349,606,430
image750.png,854,480,lionfish,595,161,648,207
image751.png,854,480,lionfish,555,276,630,332
image751.png,854,480,lionfish,296,262,351,328
image752.png,854,480,lionfish,216,328,293,376
image752.png,854,480,lionfish,384,298,516,386
image753.png,854,480,lionfish,121,341,240,400
image753.png,854,480,lionfish,467,340,560,416
image754.png,854,480,lionfish,709,27,841,98
image754.png,854,480,lionfish,255,299,328,364
image754.png,854,480,lionfish,429,335,535,411
image754.png,854,480,lionfish,406,193,484,253
image754.png,854,480,lionfish,337,251,416,316
image754.png,854,480,lionfish,572,87,639,138
image754.png,854,480,lionfish,159,368,247,440
image755.png,854,480,lionfish,313,347,431,428
image756.png,854,480,lionfish,51,152,209,257
image756.png,854,480,lionfish,511,275,655,411
image756.png,854,480,lionfish,396,31,567,105
image757.png,854,480,lionfish,127,83,408,338
image758.png,854,480,lionfish,542,167,733,480
image762.png,854,480,lionfish,111,414,160,454
image762.png,854,480,lionfish,240,392,300,439
image763.png,854,480,lionfish,229,420,303,467
image764.png,854,480,lionfish,159,370,233,425
image764.png,854,480,lionfish,398,431,460,480
image764.png,854,480,lionfish,377,360,422,398
image764.png,854,480,lionfish,484,314,548,368
image765.png,854,480,lionfish,393,411,437,458
image765.png,854,480,lionfish,606,335,677,391
image765.png,854,480,lionfish,544,364,591,408
image765.png,854,480,lionfish,665,287,714,346
image765.png,854,480,lionfish,519,216,558,264
image765.png,854,480,lionfish,550,244,599,287
image765.png,854,480,lionfish,497,443,557,480
image765.png,854,480,lionfish,554,383,634,461
image765.png,854,480,lionfish,180,427,268,480
image765.png,854,480,lionfish,208,112,278,162
image766.png,854,480,lionfish,477,247,535,328
image766.png,854,480,lionfish,734,1,815,60
image766.png,854,480,lionfish,512,437,593,480
image766.png,854,480,lionfish,186,220,224,273
image766.png,854,480,lionfish,439,1,524,40
image767.png,854,480,lionfish,183,209,348,366
image767.png,854,480,lionfish,320,152,488,262
image767.png,854,480,lionfish,639,49,854,271
image768.png,854,480,lionfish,353,1,525,81
image769.png,854,480,lionfish,379,290,420,337
image769.png,854,480,lionfish,613,1,683,62
image771.png,854,480,lionfish,560,384,659,480
image771.png,854,480,lionfish,478,226,541,280
image771.png,854,480,lionfish,563,218,629,263
image771.png,854,480,lionfish,731,34,845,132
image771.png,854,480,lionfish,675,279,795,403
image771.png,854,480,lionfish,674,197,767,282
image771.png,854,480,lionfish,619,244,681,306
image771.png,854,480,lionfish,503,276,555,328
image771.png,854,480,lionfish,539,289,629,380
image771.png,854,480,lionfish,420,306,481,373
image771.png,854,480,lionfish,455,372,499,419
image772.png,854,480,lionfish,699,366,852,480
image772.png,854,480,lionfish,539,245,592,311
image772.png,854,480,lionfish,683,199,763,268
image772.png,854,480,lionfish,515,179,584,240
image773.png,854,480,lionfish,549,134,636,215
image773.png,854,480,lionfish,326,418,389,467
image773.png,854,480,lionfish,484,283,551,344
image773.png,854,480,lionfish,674,126,750,189
image773.png,854,480,lionfish,655,224,823,338
image773.png,854,480,lionfish,752,164,854,232
image774.png,854,480,lionfish,747,163,853,235
image774.png,854,480,lionfish,655,221,807,333
image774.png,854,480,lionfish,472,285,553,341
image774.png,854,480,lionfish,564,354,645,416
image775.png,854,480,lionfish,600,426,659,476
image776.png,854,480,lionfish,627,368,713,432
image776.png,854,480,lionfish,783,282,851,354
image777.png,854,480,lionfish,1,409,82,479
image777.png,854,480,lionfish,275,372,329,411
image777.png,854,480,lionfish,331,344,412,405
image777.png,854,480,lionfish,413,312,491,383
image777.png,854,480,lionfish,370,427,496,480
image779.png,854,480,lionfish,332,154,384,206
image779.png,854,480,lionfish,122,332,191,391
image780.png,854,480,lionfish,129,237,191,308
image780.png,854,480,lionfish,292,245,366,304
image780.png,854,480,lionfish,493,174,551,227
image780.png,854,480,lionfish,567,186,629,227
image780.png,854,480,lionfish,225,156,269,196
image780.png,854,480,lionfish,307,171,359,219
image780.png,854,480,lionfish,369,158,424,198
image781.png,854,480,lionfish,645,199,724,265
image781.png,854,480,lionfish,475,371,560,440
image781.png,854,480,lionfish,581,357,657,422
image781.png,854,480,lionfish,749,272,840,335
image781.png,854,480,lionfish,740,402,843,480
image781.png,854,480,lionfish,766,350,854,414
image781.png,854,480,lionfish,391,213,452,266
image781.png,854,480,lionfish,335,232,371,276
image781.png,854,480,lionfish,400,313,456,362
image781.png,854,480,lionfish,122,348,212,432
image781.png,854,480,lionfish,103,221,204,302
image781.png,854,480,lionfish,269,239,323,284
image781.png,854,480,lionfish,241,350,312,422
image781.png,854,480,lionfish,210,319,263,379
image782.png,854,480,lionfish,421,189,485,251
image783.png,854,480,lionfish,346,223,455,323
image784.png,854,480,lionfish,49,286,170,423
image785.png,854,480,lionfish,353,86,456,178
image785.png,854,480,lionfish,672,225,759,290
image786.png,854,480,lionfish,735,103,836,211
image787.png,854,480,lionfish,200,67,299,172
image787.png,854,480,lionfish,440,120,509,211
image788.png,854,480,lionfish,35,232,155,315
image788.png,854,480,lionfish,65,308,137,364
image788.png,854,480,lionfish,1,1,187,99
image788.png,854,480,lionfish,245,112,391,211
image789.png,854,480,lionfish,240,100,344,178
image789.png,854,480,lionfish,61,204,153,278
image789.png,854,480,lionfish,425,188,538,274
image789.png,854,480,lionfish,112,88,195,164
image789.png,854,480,lionfish,554,38,649,96
image789.png,854,480,lionfish,131,35,190,85
image790.png,854,480,lionfish,288,193,399,313
image791.png,854,480,lionfish,192,278,259,334
image791.png,854,480,lionfish,378,278,495,372
image791.png,854,480,lionfish,563,120,621,180
image791.png,854,480,lionfish,670,151,813,252
image791.png,854,480,lionfish,371,115,442,178
image791.png,854,480,lionfish,450,76,520,146
image792.png,854,480,lionfish,135,303,216,371
image792.png,854,480,lionfish,242,241,331,295
image792.png,854,480,lionfish,425,163,497,226
image792.png,854,480,lionfish,447,111,501,155
image792.png,854,480,lionfish,272,173,360,223
image792.png,854,480,lionfish,279,127,367,169
image793.png,854,480,lionfish,280,126,432,231
image793.png,854,480,lionfish,479,46,592,117
image793.png,854,480,lionfish,479,1,608,55
image794.png,854,480,lionfish,277,1,397,46
image794.png,854,480,lionfish,360,70,471,132
image794.png,854,480,lionfish,230,233,362,304
image794.png,854,480,lionfish,267,144,407,244
image794.png,854,480,lionfish,353,132,419,230
image795.png,854,480,lionfish,202,112,416,300
image795.png,854,480,lionfish,1,243,87,361
image796.png,854,480,lionfish,282,214,428,306
image796.png,854,480,lionfish,230,19,423,186
image797.png,854,480,lionfish,217,176,356,271
image797.png,854,480,lionfish,351,140,451,203
image797.png,854,480,lionfish,81,55,200,128
image797.png,854,480,lionfish,361,16,446,74
image797.png,854,480,lionfish,449,21,540,79
image797.png,854,480,lionfish,561,10,618,64
image798.png,854,480,lionfish,185,400,283,480
image798.png,854,480,lionfish,587,344,655,392
image798.png,854,480,lionfish,416,400,504,468
image798.png,854,480,lionfish,615,236,663,279
image798.png,854,480,lionfish,296,286,367,333
image798.png,854,480,lionfish,446,350,545,405
image798.png,854,480,lionfish,465,252,526,308
image799.png,854,480,lionfish,224,142,366,230
image799.png,854,480,lionfish,286,39,361,108
image799.png,854,480,lionfish,360,67,429,169
image799.png,854,480,lionfish,428,122,515,166
image799.png,854,480,lionfish,278,251,381,348
image799.png,854,480,lionfish,451,51,499,94
image799.png,854,480,lionfish,527,85,597,146
image799.png,854,480,lionfish,559,6,627,47
image799.png,854,480,lionfish,667,172,775,255
image799.png,854,480,lionfish,595,39,697,100
image799.png,854,480,lionfish,688,97,780,174
image800.png,854,480,lionfish,429,324,496,381
image800.png,854,480,lionfish,304,366,389,420
image800.png,854,480,lionfish,234,376,293,441
image800.png,854,480,lionfish,137,436,221,480
image800.png,854,480,lionfish,120,357,168,400
image800.png,854,480,lionfish,279,300,337,360
image800.png,854,480,lionfish,357,315,417,377
image800.png,854,480,lionfish,485,211,527,252
image800.png,854,480,lionfish,195,269,264,324
image801.png,854,480,lionfish,296,89,415,168
image801.png,854,480,lionfish,381,45,493,118
image802.png,854,480,lionfish,291,370,458,480
image802.png,854,480,lionfish,256,71,343,126
image802.png,854,480,lionfish,49,118,115,170
image803.png,854,480,lionfish,74,68,201,184
image803.png,854,480,lionfish,194,46,299,162
image803.png,854,480,lionfish,187,150,296,251
image803.png,854,480,lionfish,319,76,441,142
image804.png,854,480,lionfish,1,215,115,299
image804.png,854,480,lionfish,147,224,244,332
image804.png,854,480,lionfish,89,125,172,204
image804.png,854,480,lionfish,307,85,399,172
image804.png,854,480,lionfish,125,1,292,81
image805.png,854,480,lionfish,320,51,428,168
image805.png,854,480,lionfish,51,92,244,222
image805.png,854,480,lionfish,6,382,164,480
image805.png,854,480,lionfish,1,248,111,345
image806.png,854,480,lionfish,266,91,384,209
image806.png,854,480,lionfish,56,122,152,211
image806.png,854,480,lionfish,171,30,277,127
image806.png,854,480,lionfish,42,222,147,314
image806.png,854,480,lionfish,177,280,258,346
image806.png,854,480,lionfish,67,326,156,406
image806.png,854,480,lionfish,179,435,267,480
image808.png,854,480,lionfish,632,101,729,171
image808.png,854,480,lionfish,679,195,786,258
image809.png,854,480,lionfish,264,82,437,226
image809.png,854,480,lionfish,541,311,636,404
image809.png,854,480,lionfish,171,195,272,263
image810.png,854,480,lionfish,271,90,377,213
image810.png,854,480,lionfish,400,123,489,210
image810.png,854,480,lionfish,369,236,427,305
image810.png,854,480,lionfish,478,293,546,378
image810.png,854,480,lionfish,738,324,854,408
image810.png,854,480,lionfish,557,121,626,185
image813.png,854,480,lionfish,464,3,531,66
image813.png,854,480,lionfish,420,390,477,453
image813.png,854,480,lionfish,594,358,655,414
image814.png,854,480,lionfish,607,135,674,208
image815.png,854,480,lionfish,706,180,792,250
image815.png,854,480,lionfish,740,72,788,142
image815.png,854,480,lionfish,797,2,854,83
image815.png,854,480,lionfish,705,75,740,118
image816.png,854,480,lionfish,512,194,567,235
image817.png,854,480,lionfish,557,113,605,159
image818.png,854,480,lionfish,596,87,854,241
image819.png,854,480,lionfish,630,150,854,324
image820.png,854,480,lionfish,431,154,628,367
image820.png,854,480,lionfish,132,83,222,241
image834.png,854,480,lionfish,68,224,125,264
image834.png,854,480,lionfish,1,244,36,290
image834.png,854,480,lionfish,156,239,226,277
image835.png,854,480,lionfish,213,235,264,294
image943.png,1280,720,lionfish,671,37,764,124
image943.png,1280,720,lionfish,927,72,993,142
image943.png,1280,720,lionfish,1106,569,1204,668
image943.png,1280,720,lionfish,437,243,510,304
image943.png,1280,720,lionfish,400,345,454,414
image949.png,1280,720,lionfish,786,464,999,604
image949.png,1280,720,lionfish,737,553,912,691
image950.png,1280,720,lionfish,174,1,548,212
image950.png,1280,720,lionfish,93,116,368,308
image952.png,1280,720,lionfish,441,374,547,447
image952.png,1280,720,lionfish,503,599,695,720
image952.png,1280,720,lionfish,922,539,1156,646
image952.png,1280,720,lionfish,998,478,1126,551
image952.png,1280,720,lionfish,342,622,504,720
image956.png,1280,720,lionfish,854,457,1060,618
image957.png,1280,720,lionfish,191,450,268,512
image957.png,1280,720,lionfish,394,413,462,491
image958.png,1280,720,lionfish,1113,161,1189,208
image958.png,1280,720,lionfish,1023,460,1242,621
image958.png,1280,720,lionfish,909,600,993,677
image958.png,1280,720,lionfish,843,674,922,720
image969.png,1280,720,lionfish,525,381,598,444
image970.png,1280,720,lionfish,717,313,792,380
